"AAPL","AMZN","MSFT","KO","PEP","JPM","BAC","NKE","ORCL","IBM","PG","WMT","date"
0.0609438521984804,0.29470802919708,-0.0496718377088307,-0.0783653221670393,0.0191250856917564,-0.0632737036189108,0.00111178526048272,0.052529866479269,0.234620886981402,-0.112016469135802,0.0210000000000001,0.0332472184883241,1970-01-02
-0.122168142745654,-0.0063424947145877,-0.0842881808193375,0.0831999999999999,0.00818526652026352,-0.140969137767082,0.0145962562143822,-0.0175262894341511,-0.0370798957126305,-0.0905551588706568,0.0380754162585699,0.0338445815271757,1970-01-03
0.0907832258064516,0.0141843971631206,0.0337676037024339,0.102764254062038,0.0198019801980198,0.218803487179487,0.0636434089132134,0.0195378865103635,-0.229843608312659,0.0599265880576869,0.0625073239768841,-0.0114497504096034,1970-01-04
0.0253484622473108,0.167132937062937,-0.133477097215152,0.062189057106355,0.00776702912621352,-0.015427881322419,0.0655690717770696,-0.111314780869855,-0.215625,-0.194615365384615,0.00188706857085452,-0.0887438513661314,1970-01-05
-0.0399666353440384,0.0922707554061861,-0.0258323392970663,0.000900810697200827,0.00154138722383856,0.0242166110664737,0.0459436232922945,0.00787549221826378,-0.211155378486056,-0.0395177282827668,-0.00786614208140612,-0.0315073929196671,1970-01-06
-0.239485280775059,-0.108612177729018,0.0744450991946575,0.00791933016849078,-0.0727202577914582,-0.0564673975947872,-0.0718902274604992,-0.00186046511627913,0.195707070707071,-0.105034149348694,-0.00279173633537755,0.0168207030247951,1970-01-07
-0.138825990705641,-0.110769230769231,-0.122851919561243,-0.108214321428571,-0.10912866993509,-0.264150929490031,-0.0548607163160887,-0.0812674743709226,0.0570221752903906,-0.0222221944444444,-0.00347151160261983,-0.10598069827234,1970-01-08
-0.0334211009174312,0.0339100346020762,0.0229262609420593,0.0212255114627757,-0.0789473702596034,0.0576923500678024,0.0538346165413532,-0.123960235341854,-0.041958041958042,0.0707385633312909,-0.00382060914306348,0.0874339162261082,1970-01-09
-0.0169490238436707,0.0662650602409638,-0.108801951556563,-0.0596078431372549,-0.0657395212576364,-0.280681818181818,-0.0896118981275142,0,-0.180396246089677,-0.226452595905516,0.00823458526261511,-0.0792819371727749,1970-01-10
0.10827602986925,0.21531707470182,0.22245083573613,-0.0308590492076731,0.193504649702175,0.0926803580832019,0.0940439498432604,0.0928670680870773,0.296437659033079,0.353798673404242,-0.0104050349162013,0.0875303985568483,1970-01-11
-0.0354695750428842,0.20609497902402,0.0787356993179091,-0.0180722891566264,-0.0367346501920477,0.213012048192771,0.00401143243487478,-0.0510701419792328,0.19234543670265,0.101089381781369,-0.0443188035870572,0.00653600385688158,1970-01-12
-0.0754843773568545,-0.191006466809422,-0.103675450762829,-0.039439088518843,-0.00612050376647821,-0.0464839094159715,-0.00727742559139766,-0.00692273336310856,-0.111111111111111,-0.108375497201461,0.0166805161878745,-0.0628943204862961,1970-01-13
0.00209365056258926,0.156696726135348,-0.0820116054158607,-0.0770985401459855,-0.0412127181143366,-0.0275,0.00689958315365824,0.00157409489543503,0.113888888888889,0.00903221935483867,-0.00430535247136732,-0.0536527243576609,1970-01-14
0.0452650543913802,0.00732265446224267,-0.00126418036241049,-0.00593173504695998,-0.0533596837944663,-0.0282776349614396,-0.0115632541577014,0.0410866636731029,-0.00581878636741462,-0.00319693106893593,-0.0433563164660511,0.00543937249873161,1970-01-15
-0.0579614846153919,0.182644298046343,0.0215189020456159,0.00646439550152178,0.0438413361169103,0.045414417989418,-0.0346620749469114,0.108906620659909,-0.0928093645484951,0.00615783218054533,0.0878329342780357,0.0826050336536612,1970-01-16
0.00565742574257433,0.102189777096052,0.056175177867624,-0.00197623517786549,0.081999975,0.237874366844132,0.10786966534229,0.0410346168805913,0.094930875576037,0.0824939691444599,0.00898364923150363,0.0824524520940315,1970-01-17
0.262307106134207,0.250958443675203,-0.0375439577630036,0.127970241189592,0.0212569783100043,0.119591175468484,0.00202555019443351,0.0459555389501214,0.0951178451178449,0.0369846752182645,0.0219254540217129,-0.0658735617897728,1970-01-18
0.0618386560625452,0.0119810814149088,0.0418528223546191,0.0184331797235022,0.00678730753874879,0.0401703883088744,0.0650943700859499,-0.0446508305054474,-0.0768639508070715,-0.0629259533970247,-0.0287519059028533,0.0201482033805702,1970-01-19
0.105980554255859,0.14647574339207,0.0300312414208752,-0.0310277526395173,0.0352808988764044,0.0254534523112933,0.0447931429784421,-0.0327163955879604,-0.00166527893422141,-0.0151515151515151,-0.0146893698138597,0.0417365769232934,1970-01-20
0.072580848687068,0.112391957550239,0.00416508898144641,-0.0322437610743268,-0.0332103103972217,-0.0236804001050042,-0.0402083081022162,0.101275608813297,0.0700583819849874,0.00935387076923067,-0.0066006826766658,0.0583079592201754,1970-01-21
-0.0835913312693498,0.0455526770293611,0.0482654223227752,-0.0128676470588236,0.0289627519316851,0.00321452357643115,-0.0152681388012618,0.0673920673920674,-0.123148869836321,0.07706377083127,0.0633520449077785,-0.0561095168534567,1970-01-22
0.10472972972973,0.123890150733017,-0.0597122323637493,0.0800745344506517,0.0434212941993761,0.0457325927333183,-0.029600153767299,0.050641236435383,0.0640000000000001,0.0130193702474954,0.058931264813618,0.0555058748614459,1970-01-23
-0.0865009174311927,-0.00845120338048866,-0.0164498858626582,0.00215512921745131,0.00627350480970312,-0.0139275758257618,-0.00396149457485817,0.0524256651017214,0.00417710944026717,0.0118461998710484,-0.0208566690405942,-0.0561493120246087,1970-01-24
0.0219996237205999,-0.0250139332033735,0.0645663969104004,0.0913978494623655,-0.031172070473235,0.0375705628491205,0.0662866233594062,0.017992565055762,0.100665557404326,0.023635950699846,0.037822112174192,-0.0465492459839908,1970-01-25
0.0556855248426229,-0.0421892254311901,0.0102301421180073,-0.0297536551724139,0.013727992572458,0.0588074870677922,0.012806166853164,0.0175284837861525,0.0476190476190474,0.0706733167889511,0.0120144575893963,0.0150800945349687,1970-01-26
0.0602831399956187,-0.146627057673529,-0.0405062929475588,0.0146222171152635,0.0981803680990421,0.0547698908400589,0.00564691873312073,0.0515360321561873,-0.0714285714285714,-0.0275118705780952,0.0141472098506688,0.106035342842538,1970-01-27
0.130435316998825,0.00627763340049436,-0.060309119475721,0.00680544435548436,0.0375721758161012,0.022671891760117,-0.0114745364129527,0.0630716723549489,-0.0675990675990675,-0.0482901968911917,0.0231196561677953,0.00218263931862595,1970-01-28
-0.0465976227963855,0.00739369240743293,0.0481347372643401,0.0053677932405567,0.0118849400885772,-0.10369494389285,-0.00605095055317595,-0.0760241428021061,-0.0625,-0.0399607813571768,0.0086766019961213,-0.0450661592405119,1970-01-29
0.0884405535049138,0.112385372127769,0.00382705716904153,0.0154241249752818,-0.020554284435519,-0.0202127138411017,0.0327991062939275,-0.0111188325225851,0.0133333333333334,0.00476350243310653,0.019188959258909,-0.022280701754386,1970-01-30
0.159657853220548,0.121649525773196,0.0888295463210065,-0.0169425128312566,0.00955596795120806,0.0523887079261671,0.0179237824593717,0.0646521433591003,0.0464912280701755,-0.00496663302705191,0.00983118159896135,-0.0579580118428135,1970-01-31
-0.00614640366977204,-0.2845588865971,-0.00245094546396873,-0.131141045958795,-0.0720118954711972,-0.0371420686097499,0.00460883940891432,-0.0401320132013202,-0.119027661357921,-0.0122518658592884,-0.0420646040055952,0.00971424761904771,1970-02-01
0.0664809523809524,-0.0200410853052972,-0.0417690768690768,0.0193798449612403,0,0.0602732354528135,0.0582284188159412,0.0357584926420027,-0.0513796384395813,-0.0273343057310209,0.0732502177085248,-0.00641388441478541,1970-02-02
0.123514199509574,0.0713162577691728,0.0128205499201666,-0.10422724222769,-0.0269999599999999,0.00378974210259009,-0.0366829257447754,0.0463417872792458,0.131394182547643,0.0123981104640898,-0.0330534566186627,0.0100627116029128,1970-02-03
0.352258082697191,-0.16470875759401,0.0115732007233273,0.015230961298377,0.0191161348770346,-0.0284420337276616,0.0336948749736961,0.0318527918781726,0.122340425531915,0.046769326959863,-0.0543237075817389,0.0135337779410944,1970-02-04
0.279580277846575,0.162613502413903,-0.0414730082757601,-0.0332021151008361,0.00665586903364779,-0.0246112966119842,0.0330430669112958,0.0412003443610871,0.00631911532385465,0.0500278328690809,0.0449394294646346,-0.0344954946029487,1970-02-05
-0.0395228015198925,0.116179460685484,-0.00335695648478018,0.0592723958650525,0.0458826086956523,0.0361220697943123,0.0155608817808515,0.0712260807937632,0.0769230769230769,0.0460526750011179,0.0299177636499626,0.0145985206569628,1970-02-06
0.194099347826087,-0.024158951813977,-0.0164669916342438,-0.00360225744476472,0.0287356316334171,-0.0430657802135751,-0.0131943599406529,-0.0447678906163855,0.00364431486880457,-0.0523433140121055,-0.0335875441689345,-0.00795149564558884,1970-02-07
0.166709965324056,-0.186025007264576,-0.0426179968562406,0.0315738234960798,0.00297951577319333,-0.020894801987956,0.00603845171529982,0.00369387048366621,-0.0595497458242557,-0.00899160798526255,-0.002630095810633,-0.0150763543863988,1970-02-08
-0.0711100805468178,-0.0258669698692437,-0.0393481717011128,-0.0264019158878505,-0.0154103599069744,-0.0533516020068838,-0.0546624628226169,-0.0418631397354802,-0.0362934362934362,-0.0129618165270723,-0.00169523450744025,-0.0290641342944364,1970-02-09
-0.134629136900147,-0.0557338488473885,0.0467521307405874,0.0424766039105642,0.0492174250276718,0.0257226604463965,0.0213152617376535,-0.0780218461169128,-0.0737179487179487,-0.164149709919557,0.0216981509433962,-0.0592696455942995,1970-02-10
0.102606674769273,0.0973423023070985,0.0197628466309425,0.0273942001562706,0.0111430447725205,0.00732595055925911,0.0284191601150277,0.0701731545371695,0.107266435986159,-0.0108666409086138,0.0184672200012108,0.00190922787249082,1970-02-11
-0.0741950704225351,-0.0681497644691503,-0.0372092650081111,-0.0645306267295259,-0.0414148255035488,-0.012027972027972,-0.0153281303972367,0.0535279805352797,0.0312499999999998,-0.0178690396610575,-0.0435177137436913,0.0205378149481263,1970-02-12
0.158652386997839,0.364460622544575,0.0309984299516908,0.0481436646706588,0.0111255145559057,-0.00509629105322751,-0.0440693478607904,-0.0323325635103926,0.0280303030303031,0.124797875665682,0.0545971753554502,0.0238588584261648,1970-02-13
0.0994137889663256,-0.0542635856361645,0.0691135466960739,0.00548450664920042,0.00586831112907227,-0.0355719987356858,-0.013073372159329,-0.0583532219570406,-0.0427413411938099,-0.0340282294994995,-0.00269640476907418,-0.0889564169789834,1970-02-14
0.143314148644539,0.0608898814779888,-0.0602629313463452,-0.0184091363636363,0.0339106849192594,0.00118031871290403,-0.0216128520012282,0.0351032822202511,-0.0454195535026943,-0.00496157262608887,0.0717375450612834,-0.0253558502080928,1970-02-15
0.0742399593866794,-0.120088258721595,-0.00116591527399923,-0.009492938619724,0.041791624789131,0.0792808429118774,0.0389549662211386,0.0290156709108715,0.0225806451612902,0.0206930438706927,-0.0583585109041123,0.0796440209949794,1970-02-16
0.177634933536466,0.215755087412065,0.0770427596481416,-0.00210378691462298,0.00203112721627874,0.0445112245906942,0.0491540215293087,0.0148720999405116,-0.00630914826498419,0.085735286482729,0.0214323442960407,0.0264214748167095,1970-02-17
0.0600118428197511,-0.0270325428607624,-0.0552745664739884,-0.0557506702155387,-0.00202701010089512,0.0376470326797387,0.00566578787678762,0.0174677608440799,-0.0309523809523808,-0.075365633850042,0.0120650815188859,-0.0362438625155712,1970-02-18
0.0503547224926972,-0.0494167953587785,0.0764818355640535,0.0265442804989193,-0.032159816108334,0.00151174103078211,-0.0416035084895555,-0.0672888581633829,0.0294840294840295,-0.0109488325163807,0.023324101186522,-0.0147435473235801,1970-02-19
-0.0929678043574652,-0.164658656849621,-0.0454706571936057,0.0142580950092754,0.0337530779993005,0.0349685283018868,0.0366266787248475,0.0720197652872143,-0.0119331742243437,-0.0130381914008048,0.0118183353030559,-0.0162654518268174,1970-02-20
-0.0842459020515139,-0.0243055562047425,0.0126534420300171,-0.00238274946949013,-0.0223312464501566,0.0121536220747114,-0.00676111261771495,-0.0193592993777368,0.102254428341385,0.027791663205176,-0.0383780911062906,0.0414462292450126,1970-02-21
0.122289620535714,-0.0361346848106947,-0.112458622288079,0.00214955825887553,0.00778683149702664,0.089817533376982,0.0961791151475822,-0.0383078730904817,0.0657414170927684,-0.00157639139594523,0.0100641677934381,-0.0467824493318184,1970-02-22
-0.150873806586603,-0.0170405571440092,-0.062111801242236,0.0493326501429934,0.038118079048143,-0.0603790643371734,-0.0304486390404102,-0.0186950146627566,-0.0253598355037696,-0.0296331566496554,-0.0680295321771094,0.0759494131900826,1970-02-23
-0.0418269052280528,0.117596038208725,0.028697527593819,-0.0229388609102366,-0.00694670868254577,-0.0150093577628837,-0.00619842949593274,0.00859170713485247,0.0189873417721518,-0.0385482092979172,0.0248847557603686,-0.00577921556699246,1970-02-24
0.186659567662324,-0.304808712512927,0.0326180271509884,0.0344026034402602,0.0556295793532715,0.0861904523809525,0.0713097950648562,-0.0246913580246914,0.0331262939958592,0.00768034366050507,0.0107914212514899,-0.0761884607095064,1970-02-25
-0.00161856981835939,0.146522913593266,0.0681630119768499,0.00696633707865169,0.0299778789842557,0.000876830356791425,-0.0011643314799985,0.0222784810126584,0.0460921843687374,0.045988849193187,0.10142350353339,0.00494384269662929,1970-02-26
0.134561564252934,0.0418423289004217,0.0642022932217008,-0.00290118264221451,-0.000306326597829809,0.0284712877792379,0.0408004460695464,0.08494304110946,0.132822477650064,0.0119797577870848,0.0012923747563045,0.102862229363546,1970-02-27
0.0532605604928482,0.185865541278504,0.0497257404021938,0.0456580572963294,-0.027888491330417,0.0102214652943242,0.00560013067015119,0.0486190367496004,0.0411498872604286,0.126800094537464,0.022749257825105,-0.000811050283860526,1970-02-28
0.130488445121959,0.0590706222105539,0.0226402655047115,0.00235445195400463,-0.0231714694699159,-0.0244519398071658,-0.000371282724545785,0.0769481932956031,0.0314022756579466,-0.0044406367499048,-0.00946518393224782,-0.0645292423808693,1970-03-01
-0.0744054314988997,-0.0218146008924145,0.0170299721720037,0.0303223988758319,0.00935933501114516,0.043647364815198,-0.00854222872951627,0.000808489135927237,-0.100262472454723,0.0568973467558169,0.0235705681864857,0.00173540137680694,1970-03-02
0.0104903465346535,-0.0453624187876944,0.0334896170967978,-0.00766835233160623,0.0430055802239102,0.0544513675869849,-0.0151713245021788,-0.00222154902554783,0.00116691955466286,0.0205867211407778,0.00933570916457316,0.0326981160675617,1970-03-03
-0.0130642713978273,0.0390231239194652,-0.08716788440804,-0.025062697365802,-0.0320355006755212,-0.0302376006283133,-0.0332826156986453,0.0572816516546908,-0.0425407925407926,-0.0626323739257211,-0.0212733302941268,0.0130006712728177,1970-03-04
0.0980971268396511,0.0166071031325268,-0.0106495917642884,0.0282776349614395,0.0064924621855118,-0.0204494436211672,0.0037379105355928,0.0171341054848282,0.103469202678028,0.0142027111210949,-0.00519770026153099,-0.0281515208414092,1970-03-05
0.0741578094301776,0.541342057267101,0.0742734096062645,0.087291625,0.0398048294555564,0.0768912137889373,-0.002351979615837,0.0137398833051006,0.0369553247079604,0.0843411503428571,0.0196327105763141,0.0206602125524982,1970-03-06
0.214328635126968,0.127343824316197,0.0250500993637242,0.0153286842432911,0.0338932688087921,-0.00518226507417519,-0.00373286822267704,0.0536576308949128,0.0308510654708014,0.0429507782306113,-0.0131988039379254,-0.00667779660591805,1970-03-07
0.00701380482724479,-0.0105582153682126,-0.0397524262055253,-0.0128326094420604,-0.0509293706738073,-0.065213213767578,-0.0358903576393287,0.0271365638766519,0.0170278646557205,-0.0126641465790647,-0.0371361138809774,0.0107143491896784,1970-03-08
0.0796459918117667,0.148077713896932,-0.0162877168743712,-0.00382339882151028,0.0118736318233965,-0.091640926901116,-0.0300675195350281,-0.0315663063990392,-0.0299339436800581,0.051306432304038,0.0109495344165638,-0.0448971098545601,1970-03-09
0.0510018750076038,0.0174433789477542,-0.00896860986547077,0.0320475532527347,0.0367265451054613,0.0115883213627959,0.0687474090572504,-0.00194862710363153,0.0606694528938572,0.0545865331299318,0.0557710466251042,-0.0504896615780269,1970-03-10
0.108246644645581,0.165686363875041,0.0254089453532893,0.0686129441655985,0.0768778932364822,0.0292003593890386,-0.00808997632202046,0.0411785587504436,0.0675541879904247,0.00951239164431583,0.0770172738330204,0.000458423092862148,1970-03-11
0.237701150222178,-0.0429414912948687,0.249490911388015,0.0746475700488056,0.0062789924575759,0.0257529463116544,-0.0395862542271734,0.129560245482441,0.0240184757505775,-0.0142614597386725,-0.0116576492270485,0.0357387612490832,1970-03-12
-0.0406948938214783,0.0158159951583623,-0.087204643107725,0.00550518152542678,0.0469343319732187,-0.0293617234042554,-0.0445318567632944,-0.00920621737360583,-0.0897609382047814,-0.0942129066255707,0.0644419331606128,0.0595001782680862,1970-03-13
0.0870375959767711,0.0229682094295101,0.0595238130668936,-0.0117552338729543,-0.0165845814977974,-0.0431827497409634,-0.1055712745378,-0.0214775932977913,0.118929633300297,0.0277619129111997,-0.00783786486486482,-0.00772448819521976,1970-03-14
-0.316639715770589,-0.161269453381579,-0.0842696676555993,-0.0386181860393738,-0.103425544046758,0.0859106489846209,0.0700437261291189,-0.0452988197570873,-0.089902612931798,-0.00915815928137209,-0.108962138626046,0.0675363574066139,1970-03-15
-0.0763888439983094,-0.170270225364359,-0.165644089916815,-0.00915254237288132,0.0221894920416092,-0.142405057282487,-0.0998867451919935,-0.0184249143975216,-0.0851581549955307,0.0630193253382567,0.0116172733603568,-0.0226646029694676,1970-03-16
0.147816285116669,0.105940777013483,0.043382277816828,0.0412247348614438,0.0379528331786323,0.0565805384216218,-0.0460493685933886,0.129568106312292,0.040425534065188,0.0112418583238902,0.058779087337564,0.0623109497882637,1970-03-17
0.212195121951219,0.102804960611292,0.0049330868545836,-0.0328569092445181,-0.0508309993420082,0.109429590001639,-0.00975993141651277,-0.017647,0.0659509747418698,0.0482890224794947,-0.043099714571143,0.100607441154138,1970-03-18
0.0850818913480884,0.0380262764094979,-0.00701262272089764,-0.0273483956972446,-0.00335613604780582,-0.097586606607068,-0.0940331088430177,0.0235029926046111,0.0954436450839329,0.0723280548217413,-0.0149142424348586,-0.00413932390479477,1970-03-19
-0.112900638752335,-0.101568251596364,-0.0286016949152542,-0.0922109358089744,-0.068960509416083,-0.202093,-0.29814753296957,-0.128126422224577,-0.0805604203152365,-0.0842153642085107,-0.07933386467825,-0.0266713014661828,1970-03-20
-0.0507046822742476,0.0410472373913204,-0.0650672846237732,-0.00923432089265097,0.046705425381349,0.184202850941333,0.378299146279885,-0.015601409159537,0.0252381428571429,0.0797266858999972,0.076796611136382,0.0430604618672517,1970-03-21
0.0665617393363076,0.0585538673593851,0.0610420708025687,0.0110679611650486,0.02884622983312,-0.0526704146524634,-0.0534955286628859,0.0328902522154055,0.018578680047437,-0.0488357544420436,0.0655160935163672,0.00767657809069555,1970-03-22
-0.329558172528016,-0.0996163370774987,-0.02198607467988,0.0155560207413097,0.0407417330282536,0.213302119339978,0.123956362362118,0.103778254413463,-0.0738714546283629,-0.0391851136321749,-0.00114655300902478,0.0138818181818183,1970-03-23
-0.0534049001108139,-0.213304007330841,-0.163357093916932,-0.166792731966992,-0.20008418128599,-0.116702374374681,-0.309428571428571,-0.138565022421525,-0.0994583013027229,-0.205112843750965,-0.0738987064457252,-0.0681248633849535,1970-03-24
-0.1386746258946,-0.254018177707261,-0.0944917599641736,0.0637765744994747,-0.00543759008726863,-0.232484848484849,-0.327678940835747,-0.0760020822488288,-0.120284356463403,-0.122297546280547,-0.00294395719020835,0.00125425548729163,1970-03-25
-0.0789899453649492,0.200936716605697,-0.038575570651611,-0.0341369333960714,-0.0340388177418197,-0.00410609602021483,-0.133538461538461,-0.0422535211267606,0.101926662523306,0.0313726233179565,-0.0393162094581573,0.00322118820291362,1970-03-26
0.0560046755243664,0.147035903803352,-0.120370415618806,-0.0563286503203004,-0.08289209421216,-0.190929299367926,-0.532670454545455,-0.112745098039216,-0.0507614213197971,0.0889971202948137,-0.11840828210935,-0.159472027123225,1970-03-27
-0.00909790323084225,0.101496106766406,-0.0555555555555557,-0.0437734998233381,-0.0416086203464064,-0.104272834182673,-0.399696048632219,-0.0822099447513812,-0.0766488413547237,0.00414617557782493,-0.116146825688073,0.0449915756577159,1970-03-28
0.177023807993559,0.133508270820987,0.137461362229102,0.0758874455758849,0.0693809943785,0.163238512035011,0.726582278481013,0.129063327714905,0.162805662805663,0.0528088672477329,-0.0224205531418123,0.0580827758699116,1970-03-29
0.197012907182145,0.0964051580499683,0.102885078775989,-0.0204778156996588,-0.0334110722610721,0.241534988713318,0.309384164222874,0.119001919385797,0.0702822357498616,0.0652286104368727,0.0499044170736886,-0.0326294830184062,1970-03-30
0.0793133446604679,-0.0314207537787167,0.0310957058242842,0.141927990708479,0.0460209222677219,0.118181878787879,0.262038073908175,0.0872879740804269,0.0129265770423992,0.0297451800188469,0.0505663440648532,-0.0130952375755858,1970-03-31
0.048744607871132,0.0727017072112248,0.137865061649835,-0.0237997965825875,0.055907782053944,-0.0756097790997411,0.171251109139308,-0.0923751095530236,0.093415007656968,-0.017500950484578,-0.0161725263028981,-0.026135965977645,1970-04-01
0.147160021433967,0.0251015766147944,-0.0105174589819099,0.0385496545718003,0.0325691599812437,0.133098823421319,0.120454545454545,0.0938586326767092,0.0331465452847806,0.12938136620152,0.0863013732407583,0.0297275398374801,1970-04-02
0.0294999933380256,-0.053288245025927,0.0480442176870748,-0.0214686998394864,-0.00140972687224672,0.124450109989645,0.189317106152806,-0.022069209039548,-0.0112968825710295,0.00101757822437043,-0.0252206278227574,0.0198475938282359,1970-04-03
0.101896375285211,0.14989529129461,0.0434076673427992,0.101086733647734,0.0351156179677294,0.00828350226147023,-0.0380898237635019,0.168080808810255,-0.0475319491559393,0.0132147222393548,0.0704120667083337,-0.0349911349516637,1970-04-04
0.0169949126031008,0.27260065046486,0.0781493420742356,-0.00726253258845444,0.0322195533583363,-0.0467822911912368,-0.138297872340426,-0.038948935947384,0.0124760076775432,0.00836050490460249,0.00138125004769507,0.0120187410877979,1970-04-05
0.0605304655590353,0.143927331772197,0.0605842048323115,0.072969383869091,0.0275805454596292,0.0172372994972467,0.0871056241426611,0.0435831457060147,0.0464454976303317,0.0475913850626699,0.0749999655172413,0.0980273550724637,1970-04-06
0.0541243817836683,-0.0102273560377497,0.0363821829309758,-0.00349650349650354,-0.0228222754287645,-0.0192987517392914,-0.0498422712933754,0.0181846201263676,0.110960190217391,0.036011049244338,-0.0275861596659553,-0.0201649499571943,1970-04-07
-0.0885967865173749,-0.067722269767402,-0.0754593175853019,-0.0482456140350878,-0.0194078950560509,-0.0655147379656702,0.00796812749003983,-0.0351142727410322,-0.0599266995545576,-0.0650114239119063,0.0151739730302825,-0.000374200180089823,1970-04-08
0.0653962039706539,-0.0558966731234615,0.017388218594748,-0.0282027281105991,0.0478027851023615,0.0778120718493085,0.0974967061923584,0.060392156862745,0.0689506101019344,0.0389738135384738,0.0281072303510517,0.0119782893505522,1970-04-09
0.148470406577468,0.146706095494829,0.021625427275898,0.0432473048843967,0.0590683998868513,0.0662377634920712,0.0714285714285714,0.0872781065088759,0.0430019878296146,0.00857184622296803,-0.000158012012610675,0.0282966154984279,1970-04-10
0.111021276126754,0.00979599293522893,0.0426766800042102,-0.0281818181818181,-0.0142080251385717,-0.0484915754189944,-0.00112044817927193,0.0327891700680272,0.00622333746492942,0.00584795321637421,-0.0175438596491229,-0.0352517818435892,1970-04-11
-0.0161247187660503,-0.0849015790706823,-0.155206347242752,-0.0383535640785782,-0.0357252677748348,-0.070455609654504,-0.117218171620864,-0.0465025400341171,-0.127560915053695,-0.0289922325581395,-0.0172136422136421,-0.0574197997281842,1970-04-12
-0.0208268523566847,-0.129124797777178,-0.108139500315484,-0.0249028005874397,-0.0308474802170056,-0.0750379194018232,-0.0870393900889455,-0.0667310343592725,-0.0491803721754541,-0.014210434069768,-0.0181699132427567,-0.0492484365259407,1970-04-13
0.0227408017475259,0.0789858762770295,0.121686179921773,0.0995610973488066,0.0649713360956303,0.100245777103366,-0.0229645093945721,0.0901553758605256,0.101584347697314,0.039844435377929,0.0196732244081361,0.0649053255668817,1970-04-14
-0.0550048163265306,0.0588684626250611,-0.0906625374142789,0.0139720921792779,-0.0112464020184007,-0.097318721383285,-0.112535612535612,-0.0494296577946768,-0.0761420928994117,-0.0410435922606039,-0.0243623610202747,-0.0205118191152923,1970-04-15
0.167215047966411,0.25819110377007,0.0434597802922785,0.0472440570062973,0.0352134933000934,0.0467546741816647,0.0513643659711074,0.144857142857143,0.229395604395604,0.0894177070433941,0.00502770253151352,0.0674112697928055,1970-04-16
0.0607225041286432,0.0520183248697099,0.0890159248672928,0.0478468899521531,-0.0171583227827116,-0.0112979503074632,-0.125954198473282,0.0162216620913402,0.0942271508379888,0.0705233865403563,0.0600299973314991,0.0121449551569506,1970-04-17
0.0337896403954094,0.0615505552635853,-0.0528683914510686,0.0301695694716242,-0.0102604283188165,-0.00611211782853793,-0.0436681222707423,0.0575883075840713,-0.0793056528014178,-0.014902499377333,-0.0393267264432908,-0.00147679532866141,1970-04-18
0.0366704378701814,0.0262258047739727,0.104908946951702,0.0411587475434145,0.0108309613568447,0.13422448480083,0.218264840182649,-0.00824330701234455,0.157116456825008,0.037466334919664,0.053381398395284,-0.00295803290811614,1970-04-19
0.0519592642378792,-0.0575555611111112,-0.00644930132568966,-0.0443971138450427,-0.0156131022313454,0.0594059669686924,0.0292353823088456,-0.0344181222196208,0.0233226844512038,0.103843046601358,-0.0186538312248147,0.0396810680511774,1970-04-20
0.0409348379248915,0.0215161166087958,-0.0414713306887848,0.0170246624351524,-0.0138392167264566,0.0389408108353539,0.0407865986890021,0.0794131387287518,0.0271621301018463,-0.000740709876543177,-0.00126725801889338,-0.072944533618691,1970-04-21
-0.0133065200497549,0.039471477155637,-0.0447705417607223,0.0378597946764641,0.0156103126966356,-0.0126365605619311,-0.0671798460461861,-0.149724856789846,0.0161093607228351,0.00735113641737284,-0.0229976371609458,0.0013466525586765,1970-04-22
0.00464830840668418,0.0870482016585743,0.0208744001919812,0.0168827866676386,0.0695543350688195,-0.0101951631321112,-0.0787696924231058,0.0874505198124449,0.0756804965599762,0.046053809269782,0.0535714952458277,0.0562920471910096,1970-04-23
-0.00656898028072372,0.00449417296863452,-0.035108024691358,-0.00963536910761931,0.0323705041714399,-0.0523777985453037,-0.0431596091205211,0.0258745869776482,-0.0483870425024205,-0.0096729334075164,0.0323574412216505,0.00436524190614773,1970-04-24
-0.0349595700333984,0.0396563268121783,0.0395841663334666,0.00718458336131089,-0.00970195403394447,-0.0531915562816115,-0.0672340425531914,0.0654826318760275,-0.0382817347083072,0.0155094424232884,-0.0511940298507463,-0.0376675473077228,1970-04-25
0.163285324933083,0.0881705636419736,0.0538461538461539,0.0106999851389507,-0.0907283685929292,-0.0119686861741252,-0.114051094890511,0.00188926419696545,-0.0707991491947736,0.0600408208678376,-0.0327198049394369,-0.00809183304651551,1970-04-26
-0.0144693201079559,-0.0327611354887446,-0.0291970802919707,0.0358769876230851,0.00608992807479813,-0.0714462281471885,-0.15859938208033,-0.0388241819190238,-0.0820797907128842,-0.0546604436185723,0.0356155135594238,0.00910643158995317,1970-04-27
-0.00912095442285821,0.00464619253163945,-0.0642857518796993,-0.041021975359658,-0.039267390966941,-0.198083061818875,-0.250917992656059,-0.0131563300634738,0.0238688991806197,0.0172182591537837,-0.00785175879396982,-0.0242526231293969,1970-04-28
0.0615231388534976,-0.0125792029335282,0.0699075962196705,0.0112492898534426,0.0169628265924773,0.15405036009129,0.116013071895425,0.126768746262718,0.140222686151705,0.0558129483562919,0.0128205444761,0.0928708827410065,1970-04-29
-0.0557834184286942,-0.0993864572944231,-0.0394291790998567,-0.0159542740046839,0.0166798885356649,-0.109033349196395,-0.203513909224012,-0.00176440062272953,-0.0433323161428136,0.0182526940840411,0.00906388469873765,0.0384344316213958,1970-04-30
0.0596546725148233,-0.0997971173674129,0.0148553166536358,0.0407555828793347,0.03671871875,0.0736196665682811,0.0220588235294117,0.00197550426284043,-0.181818181818182,-0.0219148670212765,0.0331423106705901,0.0146009502682189,1970-05-01
0.127111063883676,0.12328131288453,0.137519342739574,-0.0348721442083135,-0.0102486815447981,0.121804481203007,0.282374100719424,0.0790701637824982,0.0998050292397661,0.0474222360392038,-0.0550142115876812,0.0267738128103685,1970-05-02
0.188310649731843,-0.0758588759940457,0.0748391102323362,0.0345032144085062,-0.0415714798712192,0.0520108056839357,0.11781206171108,0.0377921353127084,0.0368663962022828,0.0214433534337479,0.0726523148373681,-0.037157740593909,1970-05-03
0.105283510569272,0.126996453592337,0.0163830497794581,0.0594045519610651,0.0541785677498978,0.171763446902984,0.200752823086575,0.00481842105263164,-0.00307692307692309,0.0605906483117093,-0.00606335376826295,0.0358835295909434,1970-05-04
-0.0259695148635256,0.145128634268151,-0.00743949209172301,0.0312119705117695,-0.00527502653428868,-0.0652457590256633,-0.152560083594566,0.0316303935215643,0.00823045267489708,-0.00752452453940633,-0.0531170964606025,-0.0374183163820537,1970-05-05
-0.010702371821503,-0.0818887041454602,-0.0883822298563399,-0.0208332809224319,0.0280302727272728,-0.228710981852024,-0.093711467324291,-0.0329847489770357,-0.0996598979591836,-0.0684759892942246,-0.0212130424452082,0.117297572568325,1970-05-06
0.0108528166841668,0.0725189127327246,0.047961594794053,0.0462999841402392,0.0414149754285917,0.0778279892713127,0.112925170068027,-0.188574597892402,0.122025014054591,0.0138932508209411,-0.0166961146781808,0.0592525220297782,1970-05-07
0.0458218667383672,0.0216772361284721,-0.0366133050016345,0.0333802523754891,0.0292952007192073,0.00755667506297231,-0.102689486552567,0.0634540897698792,0.0168350162681812,0.00204516819669531,0.0537143020408164,0.0675559227258189,1970-05-08
0.089200363450789,0.0641663129339951,0.0458093330780227,-0.0742574220664642,-0.00412488639660846,0.0316666388888889,0.0885558583106267,0.0429566148901983,0.0480132103306883,-0.00576584357109589,0.041059822729163,-0.024586887007927,1970-05-09
0.00279601195720036,0.0243686426170115,-0.0343932511356262,0.0141710687609053,-0.0229187215242304,0.0899300239614975,0.105131414267835,-0.0251642974527526,-0.00600319115323855,0.0646650788401824,0.0322964568448738,0.0165289949457024,1970-05-10
-0.107600080558235,-0.0842639486086519,-0.0409945900537635,-0.019773266543633,-0.0216193170108514,0.0296442687747036,0.0554926387315968,-0.0371932130568658,-0.0120787988581945,-0.0622800587459155,-0.00173014703387908,0.0165310833388448,1970-05-11
-0.0168649061272517,0.0822706173827585,-0.0672739990443589,0.0199031199569661,0.0140092580591928,-0.0143953454894433,0.0579399141630901,0.0667543036443117,0.0353925353925355,-0.0229270139460598,0.00852114409362037,-0.0399893377761665,1970-05-12
-0.0907428957049138,-0.00468164247552105,0.00338084134557315,-0.0440400339683562,-0.0253525000050205,0.0703505077726141,0.177484787018256,0.0586786188478203,0.0354257302672467,0.00778658360337725,-0.0277817978581755,-0.0526241899176976,1970-05-13
-0.144089275474137,0.0583170777358208,0.0277050553240381,0.0273104,0.0645915241852988,0.070047712757614,-0.0249784668389319,0.0474806607550644,0.0657262304921971,0.0601409753045006,0.10708506565157,0.0252087633647033,1970-05-14
-0.0309337021668971,-0.00463280979284364,0.0127503820491663,0.0397421836873157,0.0400823483893575,0.0397449317692866,-0.00795053003533563,0.00758556891766893,-0.0357644627296235,-0.0110307033179942,0.0135709944879727,0.0118656473995276,1970-05-15
0.00285455364105935,0.00840050362283074,0.0291367636380131,0.0444214348031653,0.0440808252902529,-0.0298446250958554,0.0845948352626891,0.0835475211164158,-0.055782707022038,0.0620923212459064,0.0115515620897872,0.0572195967394686,1970-05-16
0.000271043233704527,-0.0475814945244284,0.156938023175882,0.0467359803841736,0.04247250609945,0.0326590609494113,0.010673234811166,0.0777834291741544,0.0139188670634787,-0.0504454282637774,-0.0037633143982172,0.0386208595851703,1970-05-17
0.0156963756004258,0.0606359643878174,0.0543807887843377,-0.0552799406907659,-0.0206136046973007,0.113854360899994,0.109666937449228,-0.0305031141667647,0.0305064072759733,0.0270564391695225,-0.000130194091319313,-0.0370561626729778,1970-05-18
-0.118293237207872,0.0315378514916262,-0.0103152143085838,0.00300072503122162,0.01262850115,-0.032973053672834,-0.0585651537335286,0.032760298410639,-0.0908821814944398,-0.081290273410436,0.00299630007826202,-0.00467661703242206,1970-05-19
0.141225072176631,0.0847347719778548,-0.0781702640946651,-0.000747918206234766,0.021396258449734,0.0556923459804444,0.135303265940902,-0.0119347047738694,0.0534027695670065,0.0205640310786248,0.042992662501433,0.0463149965449055,1970-05-20
0.0766579607905629,-0.0671933800305645,0.0489950376884423,-0.0474052371554273,-0.0456068704140907,-0.0933070339135116,-0.0328767123287671,-0.00158928803526026,-0.0151467397308649,-0.0654736949257376,-0.030012501992061,-0.0636386819697542,1970-05-21
-0.0214893327873212,0.112677068690128,-0.00359290397647294,-0.00785749083289677,-0.00288477350239147,0.0229566598645687,-0.0226628895184134,0.156319643425661,0.0411172931224955,0.0159652654640858,-0.0295288615936432,0.013428281169021,1970-05-22
0.0963817449976609,0.164374301223086,0.064002435817381,0.0446145447567439,0.0577357987421383,-0.00290187662801089,0.0123188405797101,0.0429515693832598,0.00994880976477597,-0.0322388283058203,0.0682630542803575,0.0377231075949582,1970-05-23
0.0638415967018173,0.0812844987536316,0.0768144874329286,0.0156684104119282,0.00440008345344678,0.110205663364267,0.132426628489621,0.0446145447567439,0.0534328656716416,0.00262254328241851,0.0429721486068111,0.0555049120521172,1970-05-24
0.00890179692060911,0.0131345309325559,-0.0188827952037033,0.0278676792203951,-0.0179966495145233,0.0220202547707049,-0.015802781289507,-0.0063179176143543,0.0841597312507871,0.0439114776679672,-0.0333649604207437,-0.0286384389917679,1970-05-25
-0.107696738468136,-0.100554191667324,0.0114942528735633,-0.0844831981485549,-0.0311068355170767,-0.0533515560875513,0.0757867694283878,-0.0736266785350966,-0.0355461597253612,-0.0580583973641373,-0.0588379899846216,-0.0509594852977637,1970-05-26
0.0512185384172634,0.00950682756972965,0.0124207452431289,0.0100476203067161,-0.0036087729764962,0.0263728138299708,-0.0131342686567165,0.0748113404203525,0.0598915685695627,0.0480530073373955,0.0266249141232742,0.000267769148366126,1970-05-27
0.0199528742374726,-0.0710577480631138,0.0699556494399465,0.0120418583235116,0.0428375171724742,0.0684617916226682,0.0405323629442007,-0.0567050290316716,0.0460240080280234,0.0395312797918808,0.0246630295111605,0.0231593449729324,1970-05-28
0.0993963794084702,-0.0958468070256981,-0.0143937538719807,0.0550957320227625,0.0286227425149701,-0.0779113667914902,-0.119767493036774,-0.0123206607094504,-0.000733292593497858,0.0206763774565852,0.0241936110221741,0.042915072615465,1970-05-29
0.072717782433531,0.0276854728621729,0.0133662617145416,0.00294187293596782,0.0284084646455751,-0.00732404430153621,0,0.0542838686379092,0.0278864719205854,-0.0616379087818093,-0.0213204353245148,-0.0368837289785939,1970-05-30
0.0276618981075607,0.0391297759384333,0.018563801137367,0.0354436812515277,0.0114343255647158,0.0368903904984703,0.0151915455746365,0.00832141420770172,-0.0354593288910044,-0.016760669251678,-0.0272311545088358,-0.0221440284802931,1970-05-31
0.0287312816098138,-0.0363015242204,0.035011965587243,-0.0724740303948529,-0.0138795394618106,0.000867736911970507,-0.00780741704619381,-0.00541593782509675,-0.00345423151873248,0.0573729451674752,-0.0161597666960055,-0.0198481150925802,1970-06-01
0.0721757546480284,0.083229559514028,0.0525949953660798,0.0618477968478546,0.0498297400642393,0.0308653209941154,0.0550819672131146,0.0184105540881772,0.0282248088196286,0.00328692547907261,0.0748836135540611,0.0260940194048922,1970-06-02
-0.0170731707317073,-0.0489617937687112,0.0204710763812459,0.0225311356056772,0.0064871663204058,0.0132884943096974,0.0596643256681169,0.135582322822033,-0.0782566838010278,-0.0128445187803767,0.00758027905690928,0.0128476953642385,1970-06-03
0.0719602977667493,-0.0526609939668714,0.0127264880775133,-0.0182840834505391,0.0330862835142887,0.00398403041221673,0.00645167193264951,0.0422646431508809,0.0201149430542045,-0.133962006701133,0.0421542761441194,-0.00261545700777477,1970-06-04
0.101203703703704,0.108623142072966,0.0183173585022927,0.070439372721123,0.0408651355072296,-0.00529100529100535,-0.00699294871794875,0.067978894955816,0.0860435617424726,-0.0135644530497976,0.0362095004999257,0.147764579038858,1970-06-05
-0.0718910535609182,-0.0835400653995364,-0.0284459312184494,-0.0582199617122479,-0.0553446564504427,0.0402260970744681,0.0498825088097119,-0.0316245140497533,0.0603631454845557,-0.010667793188232,0.0072984186663716,-0.0189628053579757,1970-06-06
0.0614242361322042,0.142355379880353,-0.130247553708341,-0.0248698004531076,-0.00824872056363612,-0.131032290475159,-0.153158141596319,-0.0405616424220148,-0.0684901474651958,-0.0444403135821451,-0.0746513920145523,-0.0104796696720891,1970-06-07
0.0964493224155232,0.0722929091255831,0.0853959363665378,0.0517367282845145,0.055448966255587,0.126884845037057,0.0435643564356436,0.052791349593496,0.0460730734321573,0.0562912015692543,0.00996554739630384,-0.0123558833011572,1970-06-08
-0.0313716859753868,-0.0212015938425758,-0.0727479622690064,-0.0635103940764525,-0.0339462507391518,-0.0114229277320973,-0.0265654648956357,0.0330518938827864,-0.0152897763578275,-0.00889219453016921,-0.0374720440786577,-0.0200166805671393,1970-06-09
0.00578640199308844,0.133512475675692,0.196261657648795,0.000246658452445425,-0.00522903141929409,0.0442389552908895,0.0350877192982455,-0.0148510512339071,0.0108921663549402,0.067227370716511,-0.0296558450169431,-0.0510637933130699,1970-06-10
0.0409907864004668,0.0176632652512287,-0.0365953543707928,0.00986188338604843,0.0137720454024797,0.0398356161819671,0.0357815442561205,0.0286321541332317,-0.00298021556580053,-0.00957440053138436,-0.014086315832315,-0.0484305682858206,1970-06-11
-0.0372275025884825,0.011322565700095,-0.0578318169476778,-0.0422363047420974,-0.0320440111998341,0.0301003805123194,0.0315151515151515,0.0624569501811143,-0.073350261055403,-0.0412024181975509,-0.00191352215733542,-0.0449710129919623,1970-06-12
-0.0329267081240533,0.235112600936328,0.0577576191276277,0.0471578383889881,0.0322477194020878,0.0113635917543213,0.0505287309048179,0.0666543812869609,-0.0089330027030522,-0.00411901502227918,-0.0196830398691984,0.0148033695192442,1970-06-13
-0.0704039636338674,-0.0433833963607173,-0.068094238370573,-0.0428432793162961,-0.0354955689775934,-0.0646432374820261,-0.0861297028036747,-0.0301163160889374,-0.0713570123023788,-0.0870424443779726,-0.0786179822145233,-0.100722418697315,1970-06-14
-0.0218162376407194,-0.00194973575377544,0.0170036305147059,0.0203458545269584,0.0147423114171956,-0.0488299079198099,-0.0465116279069767,0.10040270246085,-0.0261526287409006,-0.0197443912350016,0.0179709075412737,0.00169925837945661,1970-06-15
0.0834088553923249,0.222723643085712,0.189335774484219,0.0555832267094523,0.0836691277729864,0.0537969320354774,0.0770218870346597,0.0655444081394747,0.0753045701911566,-0.0337311096521272,0.0617180271971636,-0.117211512474492,1970-06-16
-0.0100418158995815,0.0621504433749629,0.0324847840517626,0.00637546665291455,-0.0198649374720631,0.0378210116731519,0.0387365292767266,0.00953980019140355,0.00334709062821825,-0.00471162186305518,-0.0201623600482729,0.0279524448653934,1970-06-17
-0.110228238962936,0.0166817496994298,0.0207912059168796,0.00797747555085593,-0.00239622594264266,-0.00974806538692263,-0.0344234079173839,-0.0550347604329416,-0.0626123155603718,-0.0129106514547505,0.0610637125100861,0.0418082766825287,1970-06-18
-0.0752423128397812,-0.131515502562943,-0.0070295602018744,-0.000931121995603523,-0.00620491405534263,-0.0988944282734278,-0.159833630421866,-0.00784003199999994,-0.00602239271892657,-0.0932276883166576,0.028711722517984,0.0825448953106833,1970-06-19
-0.00667756345500559,-0.0587393185689948,-0.0764203848248322,0.00489289398382553,-0.014904360073383,-0.0537815294117647,-0.114568599717115,-0.00677306907831221,0.0129440370987595,0.0500039903036782,-0.0171379724045055,-0.000301461719387275,1970-06-20
0.127210629285125,0.0744226335907248,0.0854952616844484,0.0755853912454119,0.0476385503986916,0.0518650453261997,0.0798722044728435,-0.00194835200519561,0.112289317898024,0.155842159473725,0.0251587616744455,0.0324088352371923,1970-06-21
-0.139921096245914,0.111094283292207,-0.0970487235198262,-0.0342746288914557,0.00468380158029458,0.0672070235189628,0.0769230769230771,-0.0411583204626921,-0.0256660718650696,-0.0363816118134357,-0.0266066705529503,-0.0236530157293916,1970-06-22
0.0652869973391721,0.0958170202897868,0.0627632055897975,-0.00446430813536403,-0.0173854022667579,0.0327531007475776,0.0157967032967032,-0.0631149993741941,0.00852985427672226,0.053446641723357,0.0114827504437314,0.0584715989918529,1970-06-23
-0.0426597532279215,-0.00991987052703713,-0.0345283396226416,0.0163678034245651,0.0471484046090422,-0.0479546214779204,-0.102772143340095,-0.000362187606624653,0.0181591786527566,-0.0127488352820074,0.0447926573939703,0.0316473302012903,1970-06-24
0.0900627738506856,0.0603532647239684,0.107680324709022,-0.0375027779614923,0.0281290914077952,0.0294496625273521,0.0919366993217785,0.0054347643942978,0.00268753970193014,0.0582421666770467,0.010865690583812,-0.000684689154397122,1970-06-25
0.0181364458126518,0.0136397451631891,0.0137614502470007,-0.00458402464854402,-0.0199228611811029,0.0551821001222119,0.113871566597654,0.0385585405405406,0.00438596480541031,-0.0108329601180723,0.0200958298911476,-0.0209675069073932,1970-06-26
0.0655042896419282,0.0886031871031852,0.00243646018859134,-0.0255583697904674,0.0189226885245901,-0.0134815407407407,-0.0303592955612946,-0.0865717745761933,-0.0470645791590352,-0.000188815452265345,0.0279464214396157,0.00951849077495814,1970-06-27
0.00433434751877004,-0.0567173342172369,0.0402777791763118,0.00189040642722116,-0.0144341274552027,0.0400962030392673,0.0543130990415335,-0.0469136164515246,-0.0218941197019887,-0.0324834989304313,-0.0328690473537604,-0.029118218422703,1970-06-28
-0.0265985905707364,-0.0496948667444936,0.0056742324991399,-0.0483491486627761,-0.0662313358087128,0.157522317137675,0.28000006060606,-0.00219210840972495,0.0460697837620918,0.0555013266250071,-0.0500000443548373,0.00585551296153297,1970-06-29
0.0479551496911459,-0.000932640517835148,0.0311981590175294,0.02750931982698,0.0452547361689257,0.076337821537678,0.0464014656059915,0.0151787896944278,-0.043294303142431,0.0232400688987791,0.0196459255353616,-0.0185999858015051,1970-06-30
0.0477464859264376,0.0981636623558995,0.0403927106596831,0.00265318385560009,-0.00812384616621942,-0.0192375012256635,0.0244343438914025,0.0407239802980925,0.0431729507627321,0.0513886302973483,0.041864842010827,-0.034432941213848,1970-07-01
0.128883454946575,0.0261815691014129,-0.0103635263615306,0.00938174164060634,0.0635960499479289,0.0707787570877498,0.0901060552166986,0.0805292597153398,0.0618299411161822,0.0303690286415534,0.0396118958815501,0.0627809728133346,1970-07-02
0.0486896763015665,0.0491101025755256,0.0293841981869334,0.0114394664308737,0.0134082627307917,-0.0306776308537531,-0.0441653160453809,-0.0250174947515746,0.0474289974172339,-0.031587185957567,-0.0133963105303612,0.0162131961088394,1970-07-03
-6.96784054105004e-05,0.0433708721029611,0.0394776489602544,0.0167295715534772,0.0126944214849418,-0.00956279642817837,-0.0105977108944468,-0.00574197021352951,0.00784572948115403,-0.079533743422153,-0.0280467006799489,0.0430077402051128,1970-07-04
0.063418039544088,0.0752764956948344,0.0201577128273112,0.0537659071255663,0.0316914197712872,-0.0557471034482758,-0.0398457583547558,-0.0436743909041689,0.00956405715222552,-0.0477883107774545,0.00870255333327496,0.0454907954243149,1970-07-05
-0.0572138733049841,-0.0267639853751381,-0.0130297258321721,-0.0136354296539383,-0.0118080342652168,0.112598901701792,0.0825524319500224,0.113417583943477,0.104648603318982,0.00786213038517558,-0.0106708371288835,-0.0371501027264656,1970-07-06
0.032703734683968,0.0204339142561984,0.054693123458581,0.0220736241727371,0.00969783547835879,0.00437637846003547,-0.00577077493816991,0.00084744067796616,-0.0041882529754339,-0.0595462775850449,0.0421112784369184,0.0569502906976744,1970-07-07
0.102669296111593,-0.00726887848428048,0.0284731786165,-0.00632637434554983,-0.00754650538078638,-0.00991289727953493,-0.009535737581437,-0.105673126260341,0.00801125575806139,-0.0113361375729056,0.0159656133010351,-0.024002975972071,1970-07-08
-0.0602439329268294,-0.0196308387427495,-0.00374480421605483,-0.0118551264951728,-0.037155472984823,0.0508307080078194,0.0606948958013769,-0.0181784317709064,-0.0393404315779682,0.0143326785592721,-0.0139806442174265,0.000896618419367279,1970-07-09
0.0968076724892186,0.149716603311175,0.116659984337763,0.0215508118885053,-0.0107690657812081,0.0533975384065011,0.080899723756906,0.0605593851710466,0.0527405192446957,0.0618968560532553,-0.0510002950868225,0.117353456838411,1970-07-10
0.0166233620229741,0.0646623200680305,0.0119018754508295,-0.00456720313179626,0.0570624496853185,0.0388628959460999,0.0284775840992182,0.0987451500729168,-0.0361493306031697,-0.000584168513360739,0.0422747529430045,0.113618202121594,1970-07-11
-0.0152459116003756,-0.00618655534310597,0.0162766191345283,0.00240334280096133,0.0291795493266276,0.0231535119542723,0.0479233226837059,0.0352532451258936,-0.0362821435735398,-0.00357214390094085,0.0210023229470457,0.0156330037344543,1970-07-12
-0.0106364299624518,0.240638965495934,0.110708450891881,0.0372711195015014,0.00316882093343596,0.0816345225054325,0.0840108401084012,0.0906475154380098,0.0911590755321294,0.0670055998827481,-0.0602960511633452,0.0794936506329114,1970-07-13
0.0638475927070008,0.0424290851570854,-0.0130513101136446,-0.091825992855642,-0.0878636719568495,-0.00146968101443212,0.00312493749999998,-0.0174435939981882,-0.0178329521225045,-0.0480757186574657,-0.0905721492041764,-0.155628483220047,1970-07-14
-0.0580507314745882,-0.0430493484805567,-0.026660979844118,0.00485883838827306,-0.00528571023551316,-0.0478787792207792,-0.0657320290175719,-0.00880198431749935,-0.0970988394355177,-0.0154014565179817,0.00967908850021981,-0.011554282600727,1970-07-15
-0.0150196925439248,0.0820747314318273,0.0246521318500756,-0.00506564586691216,-0.0752175890935851,-0.0108211511246599,-0.00233411137045669,0.0293497432465459,-0.00174867759562847,-0.055204238978229,-0.0875378795098118,-0.00573229171931788,1970-07-16
0.130763649121495,0.0405394123076008,0.0568862186768462,-0.0048599630840076,-0.00683576368464911,-0.0162713459852118,-0.0294117312834226,0.0498611500199029,0.0229910892485699,-0.0251794206935985,0.0114736251851604,-0.0669228811544526,1970-07-17
-0.00941828033976233,0.043065287745196,-0.00232694262755739,0.020000023255814,0.0859850673316709,-0.026259274343346,-0.0292699714438716,0.109749257252816,-0.056934930288208,-0.0113933976561235,0.066830670133406,0.0376787128946121,1970-07-18
0.0279833178759477,0.0456758970242859,0.0757529756033568,0.0631554933161083,0.0563056565728211,0.103166989534558,0.0954238348554866,-0.0347640060240965,0.0821606654071569,0.0374373379549893,0.0361260449942622,0.0417980258774542,1970-07-19
0.196226881988482,0.13236453990543,0.058917796777568,-0.0441775885872273,-0.0259999826086956,-0.0032187473654306,0.00161920342031086,0.068781598295067,0.0188758808724832,0.0106948394042909,0.0255934727594018,0.0743023397634537,1970-07-20
-0.00830294758373362,-0.00482432202758898,0.0181607848631571,0.0363472963877047,-0.00187482364298142,-0.0151859484170719,-0.0475267054639509,0.0306569840872379,0.0613420929871513,0.0322911737381533,0.00337559988097413,-0.0203421341504054,1970-07-21
-0.0304775575777984,-0.202191707438842,-0.0661012923117612,0.0365880501534541,0.00518778161392364,-0.033853235868601,-0.0665308576554942,-0.114258733306672,-0.0527540912964682,-0.236624597206718,0.0654811582789443,0.067830845795726,1970-07-22
-0.18404458930803,0.0576717501287742,0.0381986806141501,0.0526315987336758,0.0850685642926294,0.0199046510705738,0.0327272727272727,0.00106612471926804,-0.00163804258804257,0.0765831846140517,0.0657420162381597,-0.026226535961573,1970-07-23
-0.11669838037072,-0.111349786175716,-0.0840472457755186,-0.0605159499795258,-0.0939806364772735,-0.122043338033216,-0.132394401408451,-0.0130458461243671,-0.0740360161622649,-0.085298135156469,-0.0274045492031626,-0.0460829483649166,1970-07-24
0.0551540302030546,0.144317138947647,0.0281579206458602,0.0164731369154441,0.0198225465290764,0.0602335261145199,0.155438317996685,0.104397061025048,0.112513793465613,0.182545969605806,0.0494995985530808,0.0287707991675619,1970-07-25
0.0403147796165011,-0.0459060032222165,0.0727760126400459,-0.0579680228969868,0.026360176202364,0.00830918840579709,0.0214260983992307,0.0470201043119236,0.0378260203065897,0.0276001120011922,0.0215611275882541,0.0329750175733066,1970-07-26
0.097025720948047,0.085935766378938,0.0527537539297844,0.0335245037494485,0.0597544453455072,-0.0299923147758498,-0.0512379642365887,-0.0177301288558219,0.030308804329392,0.0215014905704232,0.0558092321925145,-0.0147489547378311,1970-07-27
